FormationType,ProfileType,Year,Month,Day,Season,Gradient,ClassNum,GradientClass,FWHM_km,CntrChl_log10,CntrChlStdev_log10,BoundChl_log10,BoundChlStdev_log10,UpstreamIsland,IslandDist_km,IslandDiam_km,r1angle,r1vel,r3angle,r3vel
Eddy,AC,2018,4,28,Spring,-2.1715,2,Medium,6.4257,-0.96047,-2.117,-1.1061,-2.2221,Akusekijima,41.476,3.2,84.308,0.55377,105.59,0.53805
Eddy,AC,2018,4,28,Spring,-2.0352,3,High,3.557,-0.93394,-2.2569,-1.1039,-2.2976,Akusekijima,24.467,3.2,84.308,0.55377,105.59,0.53805
Eddy,BC,2018,4,28,Spring,-1.7807,3,High,3.1546,-0.92127,-2.0977,-1.1047,-2.1214,Gajajima,12.485,2.38,84.308,0.55377,105.59,0.53805
Eddy,ABC,2018,4,28,Spring,-1.7687,3,High,5.1154,-0.87459,-2.0345,-1.1154,-2.1553,Nakanoshima,30.793,6.99,84.308,0.55377,105.59,0.53805
Eddy,BC,2018,4,28,Spring,-1.7315,3,High,4.8777,-0.88753,-2.1998,-1.1606,-2.2491,Gajajima,14.179,2.38,84.308,0.55377,105.59,0.53805
Eddy,BC,2019,4,26,Spring,-1.7295,3,High,2.9218,-0.83172,-1.9576,-1.0294,-2.0843,Takarajima,169.93,3.38,77.375,0.46562,99.566,0.38181
Eddy,ABC,2018,4,28,Spring,-1.6863,3,High,3.2917,-0.88503,-1.9887,-1.1283,-2.1328,Nakanoshima,27.34,6.99,84.308,0.55377,105.59,0.53805
Eddy,AB,2018,4,20,Spring,-0.5987,3,High,5.2792,0.28513,-0.59981,-0.25796,-1.3363,Gajajima,15.403,2.38,83.222,0.58511,93.914,0.52126
Eddy,AC,2019,5,24,Spring,-2.9232,1,Low,12.027,-1.2777,-2.5684,-1.3758,-2.6092,Nakanoshima,75.414,6.99,73.7,0.50715,84.671,0.38297
Eddy,BC,2019,5,24,Spring,-2.527,1,Low,3.9199,-1.3472,-2.9673,-1.4536,-2.725,Akusekijima,9.78,3.2,73.7,0.50715,84.671,0.38297
Eddy,AB,2019,5,23,Spring,-2.2211,2,Medium,3.9559,-1.0266,-2.1058,-1.1738,-2.3907,Suwanosejima,34.946,7.28,73.02,0.49658,88.24,0.37082
Eddy,ABC,2019,5,23,Spring,-2.1772,2,Medium,8.915,-0.94481,-1.9678,-1.196,-2.3544,Takarajima,141.71,3.38,73.02,0.49658,88.24,0.37082
Eddy,AB,2019,5,23,Spring,-2.0249,3,High,5.3162,-1.0174,-2.1762,-1.1969,-2.3617,Akusekijima,70.494,3.2,73.02,0.49658,88.24,0.37082
Eddy,AB,2019,5,23,Spring,-2.0034,3,High,5.2507,-0.93388,-2.2408,-1.1029,-2.2159,Kuchinoshima,40.88,5.72,73.02,0.49658,88.24,0.37082
Eddy,B,2019,5,23,Spring,-1.9742,3,High,3.1059,-0.99717,-2.1494,-1.1658,-2.3852,Kuchinoshima,19.847,5.72,73.02,0.49658,88.24,0.37082
Eddy,BC,2019,5,23,Spring,-1.8584,3,High,1.6724,-1.0489,-1.9813,-1.2185,-2.3789,Akusekijima,42.918,3.2,73.02,0.49658,88.24,0.37082
Eddy,AB,2019,6,20,Spring,-2.4825,1,Low,3.1446,-1.3312,-2.6623,-1.4387,-2.7466,Kuchinoshima,120.35,5.72,85.596,0.4289,106.82,0.51772
Eddy,BC,2016,6,27,Summer,-2.2868,2,Medium,3.8583,-1.3299,-2.5313,-1.5757,-2.8391,Kuchinoshima,30.706,5.72,76.157,0.381,87.851,0.3073
Eddy,BC,2016,6,27,Summer,-2.2273,2,Medium,4.016,-1.4416,-2.9477,-1.6858,-2.6353,Kuchinoshima,17.462,5.72,76.157,0.381,87.851,0.3073
Eddy,AC,2018,7,26,Summer,-2.5842,1,Low,6.3544,-1.326,-2.4306,-1.4803,-2.6805,Nakanoshima,56.977,6.99,67.761,0.35213,65.595,0.30745
Eddy,BC,2018,7,15,Summer,-2.5586,1,Low,3.6054,-1.307,-2.4932,-1.4169,-2.6599,Suwanosejima,26.091,7.28,69.099,0.43095,73.567,0.29556
Eddy,B,2016,7,5,Summer,-2.4471,2,Medium,4.4418,-1.3076,-2.7037,-1.4245,-2.6849,Kuchinoshima,33.114,5.72,77.603,0.43431,93.725,0.37234
Eddy,AC,2018,7,26,Summer,-2.3178,2,Medium,3.0328,-1.2576,-2.2383,-1.4864,-2.6887,Nakanoshima,38.473,6.99,67.761,0.35213,65.595,0.30745
Eddy,AB,2019,7,22,Summer,-2.2789,2,Medium,2.5675,-1.566,-2.5162,-1.8226,-2.9533,Takarajima,7.763,3.38,77.321,0.41878,100.69,0.39275
Eddy,BC,2016,7,4,Summer,-2.2468,2,Medium,8.2423,-1.0494,-2.0161,-1.303,-2.6163,Nakanoshima,23.883,6.99,77.582,0.43248,94.476,0.36825
Eddy,BC,2016,7,5,Summer,-2.2448,2,Medium,2.6322,-1.2448,-2.769,-1.3938,-2.8776,Kuchinoshima,5.4712,5.72,77.603,0.43431,93.725,0.37234
Eddy,ABC,2016,7,4,Summer,-2.2132,2,Medium,8.8546,-1.0243,-1.9342,-1.2638,-2.3989,Nakanoshima,40.605,6.99,77.582,0.43248,94.476,0.36825
Eddy,BC,2017,8,2,Summer,-2.7808,1,Low,7.7754,-1.397,-2.9073,-1.5237,-2.8063,Suwanosejima,7.9787,7.28,81.852,0.392,92.838,0.32265
Eddy,AB,2016,8,12,Summer,-2.708,1,Low,3.383,-1.3935,-2.9221,-1.4504,-2.8095,Tairajima,10.452,2.33,66.441,0.41125,87.769,0.32948
Eddy,BC,2017,8,2,Summer,-2.6786,1,Low,3.0011,-1.3521,-2.6375,-1.4168,-2.6981,Kuchinoshima,23.93,5.72,81.852,0.392,92.838,0.32265
Eddy,AB,2019,8,1,Summer,-2.6581,1,Low,2.4039,-1.5302,-2.7197,-1.6869,-2.8933,Akusekijima,62.062,3.2,70.886,0.47293,84.763,0.39811
Eddy,BC,2017,8,2,Summer,-2.5898,1,Low,7.0853,-1.3556,-2.9155,-1.494,-2.6805,Suwanosejima,25.97,7.28,81.852,0.392,92.838,0.32265
Eddy,ABC,2016,8,12,Summer,-2.5894,1,Low,2.5976,-1.4031,-2.9132,-1.4728,-2.8082,Akusekijima,3.6989,3.2,66.441,0.41125,87.769,0.32948
Eddy,BC,2017,8,2,Summer,-2.584,1,Low,3.9126,-1.3909,-2.9537,-1.5169,-2.8312,Tairajima,66.567,2.33,81.852,0.392,92.838,0.32265
Eddy,AC,2019,8,16,Summer,-2.5806,1,Low,2.9902,-1.3505,-2.7249,-1.4315,-2.9852,Kuchinoshima,19.613,5.72,72.192,0.47232,70.143,0.458
Eddy,BC,2016,8,12,Summer,-2.547,1,Low,5.5223,-1.2832,-2.4705,-1.4395,-2.73,Suwanosejima,15.653,7.28,66.441,0.41125,87.769,0.32948
Eddy,B,2016,8,12,Summer,-2.5305,1,Low,3.2672,-1.3226,-2.3195,-1.4242,-2.7432,Tairajima,17.047,2.33,66.441,0.41125,87.769,0.32948
Eddy,AB,2019,8,1,Summer,-2.4939,1,Low,2.3069,-1.5464,-2.6987,-1.6631,-2.7938,Akusekijima,31.038,3.2,70.886,0.47293,84.763,0.39811
Eddy,A,2016,8,12,Summer,-2.4749,2,Medium,5.0571,-1.2712,-2.4716,-1.4376,-2.6303,Gajajima,25.859,2.38,66.441,0.41125,87.769,0.32948
Eddy,AC,2019,8,16,Summer,-2.4623,2,Medium,4.8105,-1.3011,-2.3786,-1.4175,-2.8147,Kuchinoshima,9.0821,5.72,72.192,0.47232,70.143,0.458
Eddy,AC,2019,8,16,Summer,-2.446,2,Medium,3.5289,-1.3046,-2.3443,-1.4638,-2.7064,Akusekijima,18.789,3.2,72.192,0.47232,70.143,0.458
Eddy,BC,2016,8,12,Summer,-2.399,2,Medium,7.0051,-1.2662,-2.5395,-1.4272,-2.9689,Suwanosejima,7.5322,7.28,66.441,0.41125,87.769,0.32948
Eddy,AB,2019,8,16,Summer,-2.3405,2,Medium,3.6284,-1.2948,-2.55,-1.4472,-2.612,Suwanosejima,8.1483,7.28,72.192,0.47232,70.143,0.458
Eddy,AB,2017,8,2,Summer,-2.3278,2,Medium,2.299,-1.3112,-2.7523,-1.4045,-2.7297,Nakanoshima,20.573,6.99,81.852,0.392,92.838,0.32265
Eddy,,2016,8,23,Summer,-2.1438,3,High,6.9177,-1.0577,-2.1983,-1.2412,-2.2226,Gajajima,7.9531,2.38,75.335,0.43417,78.347,0.35152
Eddy,B,2016,8,23,Summer,-2.0489,3,High,3.8133,-1.0519,-2.3203,-1.2512,-2.5925,Gajajima,9.128,2.38,75.335,0.43417,78.347,0.35152
Eddy,AB,2019,9,11,Summer,-2.8462,1,Low,7.5835,-1.4122,-2.6468,-1.5065,-2.7563,Kuchinoshima,13.264,5.72,73.339,0.32182,88.589,0.29878
Eddy,AC,2017,9,10,Summer,-2.7635,1,Low,3.8209,-1.5268,-2.7291,-1.6298,-2.9473,Kuchinoshima,27.408,5.72,76.256,0.37607,94.181,0.3202
Eddy,AB,2017,9,10,Summer,-2.755,1,Low,4.5611,-1.5187,-2.6924,-1.6432,-3.0612,Nakanoshima,11.777,6.99,76.256,0.37607,94.181,0.3202
Eddy,BC,2017,9,10,Summer,-2.6972,1,Low,3.3239,-1.5385,-2.8898,-1.6142,-2.9644,Nakanoshima,9.5476,6.99,76.256,0.37607,94.181,0.3202
Eddy,BC,2019,9,30,Autumn,-2.6304,1,Low,4.9889,-1.3205,-2.687,-1.42,-2.8384,Kuchinoshima,45.798,5.72,76.696,0.32641,84.615,0.27136
Eddy,C,2019,9,16,Summer,-2.5439,1,Low,2.5561,-1.2891,-2.6186,-1.3775,-2.7248,Tairajima,8.7416,2.33,66.161,0.26776,95.349,0.2391
Eddy,AC,2017,9,10,Summer,-2.5274,1,Low,2.2433,-1.4925,-2.6684,-1.6346,-3.0013,Kuchinoshima,13.154,5.72,76.256,0.37607,94.181,0.3202
Eddy,BC,2016,9,4,Summer,-2.4622,2,Medium,1.7271,-1.3715,-2.7519,-1.4444,-2.9316,Akusekijima,7.0722,3.2,74.351,0.42039,97.788,0.35187
Eddy,BC,2019,9,16,Summer,-2.446,2,Medium,2.1474,-1.2742,-2.5514,-1.3658,-2.7862,Gajajima,18.045,2.38,66.161,0.26776,95.349,0.2391
Eddy,BC,2018,9,18,Summer,-2.3392,2,Medium,2.9917,-1.3845,-2.6818,-1.5267,-2.7003,Takarajima,52.247,3.38,77.916,0.38239,91.861,0.30015
Eddy,AB,2016,9,4,Summer,-2.2513,2,Medium,1.6986,-1.3105,-2.4515,-1.4217,-2.8212,Tairajima,3.4404,2.33,74.351,0.42039,97.788,0.35187
Eddy,AB,2016,9,4,Summer,-2.2375,2,Medium,1.7052,-1.3138,-2.7322,-1.4096,-2.6768,Tairajima,4.057,2.33,74.351,0.42039,97.788,0.35187
Eddy,B,2016,9,4,Summer,-2.2318,2,Medium,1.4947,-1.2795,-2.3541,-1.4369,-2.7599,Akusekijima,10.462,3.2,74.351,0.42039,97.788,0.35187
Eddy,BC,2018,9,18,Summer,-2.2304,2,Medium,1.8115,-1.3781,-2.5894,-1.5039,-2.7116,Takarajima,55.906,3.38,77.916,0.38239,91.861,0.30015
Eddy,BC,2016,9,4,Summer,-2.1828,2,Medium,4.6225,-1.1513,-2.0715,-1.3336,-2.471,Kuchinoshima,16.649,5.72,74.351,0.42039,97.788,0.35187
Eddy,BC,2018,9,18,Summer,-2.1621,2,Medium,2.5833,-1.2311,-2.2549,-1.4288,-2.6381,Gajajima,43.656,2.38,77.916,0.38239,91.861,0.30015
Eddy,AB,2018,9,18,Summer,-2.1422,3,High,5.6171,-1.1278,-2.2842,-1.3474,-2.3427,Suwanosejima,46.742,7.28,77.916,0.38239,91.861,0.30015
Eddy,ABC,2018,9,18,Summer,-2.0649,3,High,1.5106,-1.2452,-2.4842,-1.3934,-2.6661,Gajajima,34.885,2.38,77.916,0.38239,91.861,0.30015
Eddy,AB,2016,9,4,Summer,-1.9947,3,High,5.0256,-1.0889,-2.0617,-1.3162,-2.4957,Kuchinoshima,6.3354,5.72,74.351,0.42039,97.788,0.35187
Eddy,BC,2016,9,4,Summer,-1.9017,3,High,1.9967,-1.1302,-2.2861,-1.3868,-2.7154,Nakanoshima,8.4049,6.99,74.351,0.42039,97.788,0.35187
Eddy,B,2016,9,4,Summer,-1.7539,3,High,1.1785,-1.1271,-1.8568,-1.3675,-2.7707,Nakanoshima,5.6096,6.99,74.351,0.42039,97.788,0.35187
Eddy,B,2016,9,4,Summer,-1.3486,3,High,2.4827,-0.71234,-1.6734,-1.2481,-2.576,Nakanoshima,20.442,6.99,74.351,0.42039,97.788,0.35187
Eddy,BC,2019,10,4,Autumn,-2.4688,2,Medium,3.6003,-1.3625,-2.6419,-1.4648,-2.8065,Kuchinoshima,42.218,5.72,77.163,0.33575,84.381,0.3237
Eddy,ABC,2016,10,1,Autumn,-2.4635,2,Medium,2.518,-1.4581,-2.5677,-1.6683,-2.6604,Akusekijima,11.995,3.2,72.168,0.39305,95.076,0.27516
Eddy,AB,2019,10,4,Autumn,-2.4208,2,Medium,2.4908,-1.3448,-2.551,-1.4723,-2.7968,Kuchinoshima,51.828,5.72,77.163,0.33575,84.381,0.3237
Eddy,AB,2019,10,5,Autumn,-2.4093,2,Medium,2.7332,-1.3579,-2.5328,-1.517,-2.7657,Suwanosejima,18.684,7.28,76.162,0.3363,83.162,0.32949
Eddy,B,2019,10,7,Autumn,-2.4026,2,Medium,3.0797,-1.3534,-2.3811,-1.5308,-2.5273,Suwanosejima,16.026,7.28,76.58,0.32734,86.05,0.32617
Eddy,AC,2019,10,5,Autumn,-2.3504,2,Medium,2.8931,-1.375,-2.7621,-1.5515,-2.7168,Kuchinoshima,16.789,5.72,76.162,0.3363,83.162,0.32949
Eddy,B,2017,10,6,Autumn,-2.3465,2,Medium,2.4765,-1.2926,-2.5774,-1.4222,-2.7977,Suwanosejima,18.287,7.28,76.058,0.39298,105.03,0.31083
Eddy,BC,2019,10,5,Autumn,-2.3342,2,Medium,3.1497,-1.3742,-2.8131,-1.5042,-2.5163,Kuchinoshima,44.156,5.72,76.162,0.3363,83.162,0.32949
Eddy,AC,2017,10,6,Autumn,-2.3114,2,Medium,1.7437,-1.3734,-2.8906,-1.4464,-2.7094,Akusekijima,7.3845,3.2,76.058,0.39298,105.03,0.31083
Eddy,BC,2017,10,6,Autumn,-2.2982,2,Medium,1.6262,-1.3506,-2.841,-1.4258,-2.691,Akusekijima,14.923,3.2,76.058,0.39298,105.03,0.31083
Eddy,BC,2016,10,1,Autumn,-2.2975,2,Medium,7.3753,-1.368,-2.7483,-1.5231,-2.513,Suwanosejima,15.76,7.28,72.168,0.39305,95.076,0.27516
Eddy,AB,2017,10,6,Autumn,-2.2699,2,Medium,2.336,-1.3306,-2.4931,-1.425,-2.6607,Nakanoshima,6.9551,6.99,76.058,0.39298,105.03,0.31083
Eddy,BC,2016,10,1,Autumn,-2.268,2,Medium,2.4131,-1.2418,-2.5508,-1.399,-2.6504,Suwanosejima,36.036,7.28,72.168,0.39305,95.076,0.27516
Eddy,AB,2019,10,4,Autumn,-2.2494,2,Medium,2.2228,-1.3207,-2.7007,-1.5103,-2.8149,Akusekijima,36.648,3.2,77.163,0.33575,84.381,0.3237
Eddy,AB,2019,10,5,Autumn,-2.2308,2,Medium,2.3913,-1.3828,-2.7076,-1.5399,-2.6829,Suwanosejima,52.813,7.28,76.162,0.3363,83.162,0.32949
Eddy,B,2016,10,1,Autumn,-2.2086,2,Medium,2.6979,-1.3352,-2.5567,-1.5851,-2.631,Akusekijima,7.646,3.2,72.168,0.39305,95.076,0.27516
Eddy,BC,2016,10,1,Autumn,-2.1953,2,Medium,2.9917,-1.3117,-2.5355,-1.496,-2.765,Suwanosejima,16.879,7.28,72.168,0.39305,95.076,0.27516
Eddy,ABC,2019,10,4,Autumn,-2.1781,2,Medium,2.071,-1.3541,-2.4871,-1.5281,-2.7244,Akusekijima,14.756,3.2,77.163,0.33575,84.381,0.3237
Eddy,B,2019,10,7,Autumn,-2.1712,2,Medium,3.1185,-1.2334,-2.2113,-1.4943,-2.3753,Kuchinoshima,60.693,5.72,76.58,0.32734,86.05,0.32617
Eddy,AB,2019,10,7,Autumn,-2.169,2,Medium,1.6396,-1.348,-2.3504,-1.4782,-2.3692,Akusekijima,10.871,3.2,76.58,0.32734,86.05,0.32617
Eddy,ABC,2019,10,7,Autumn,-2.1327,3,High,2.0597,-1.3772,-2.21,-1.5082,-2.3446,Suwanosejima,31.506,7.28,76.58,0.32734,86.05,0.32617
Eddy,AB,2019,11,16,Autumn,-2.4073,2,Medium,2.1121,-1.28,-2.4593,-1.3827,-2.6629,Takarajima,11.535,3.38,76.089,0.32901,92.876,0.30793
Eddy,AB,2019,11,11,Autumn,-2.3642,2,Medium,4.1221,-1.1919,-2.16,-1.3255,-2.4251,Suwanosejima,27.49,7.28,72.571,0.31293,82.148,0.32237
Eddy,B,2019,11,16,Autumn,-2.3436,2,Medium,2.3648,-1.1371,-2.0156,-1.2715,-2.3358,Akusekijima,60.071,3.2,76.089,0.32901,92.876,0.30793
Eddy,A,2019,11,1,Autumn,-2.3413,2,Medium,3.2368,-1.1307,-2.1856,-1.2389,-2.5369,Kuchinoshima,34.485,5.72,71.52,0.34719,60.745,0.27825
Eddy,AB,2019,11,16,Autumn,-2.3114,2,Medium,4.4273,-1.1139,-2.0899,-1.2584,-2.4411,Suwanosejima,51.893,7.28,76.089,0.32901,92.876,0.30793
Eddy,BC,2019,11,16,Autumn,-2.2896,2,Medium,2.1471,-1.2865,-2.5788,-1.3667,-2.6291,Takarajima,17.34,3.38,76.089,0.32901,92.876,0.30793
Eddy,BC,2019,11,16,Autumn,-2.2521,2,Medium,1.4264,-1.2804,-2.3692,-1.3634,-2.6704,Takarajima,19.048,3.38,76.089,0.32901,92.876,0.30793
Eddy,AC,2019,11,11,Autumn,-2.2134,2,Medium,2.8768,-1.1593,-2.2095,-1.2837,-2.4264,Kuchinoshima,38.146,5.72,72.571,0.31293,82.148,0.32237
Eddy,BC,2019,11,11,Autumn,-2.2027,2,Medium,4.134,-1.1645,-2.1187,-1.3479,-2.4428,Suwanosejima,56.048,7.28,72.571,0.31293,82.148,0.32237
Eddy,B,2019,11,16,Autumn,-2.1743,2,Medium,1.8672,-1.2274,-2.386,-1.3529,-2.657,Takarajima,41.712,3.38,76.089,0.32901,92.876,0.30793
Eddy,B,2019,11,1,Autumn,-2.1268,3,High,2.9058,-1.063,-2.2499,-1.201,-2.3669,Akusekijima,50.777,3.2,71.52,0.34719,60.745,0.27825
Eddy,AB,2019,11,1,Autumn,-2.0687,3,High,3.0961,-1.0688,-2.1811,-1.2272,-2.4652,Kuchinoshima,41.341,5.72,71.52,0.34719,60.745,0.27825
Filament,ABCP,2018,3,29,Spring,-2.2254,2,Medium,6.5254,-0.9226,-2.0672,-1.049,-2.3111,Suwanosejima,4.1759,7.28,75.07,0.43445,93.025,0.34042
Filament,CP,2017,4,4,Spring,-2.3564,2,Medium,7.4474,-0.82601,-2.145,-0.90757,-2.0766,Suwanosejima,8.9193,7.28,87.584,0.39177,106.64,0.36872
Filament,BCP,2018,4,28,Spring,-2.0625,3,High,4.0912,-1.0409,-2.3112,-1.2788,-2.5248,Tairajima,4.0965,2.33,84.308,0.55377,105.59,0.53805
Filament,BCP,2018,4,28,Spring,-2.0208,3,High,8.0838,-0.89114,-1.9805,-1.2178,-2.4671,Suwanosejima,4.8009,7.28,84.308,0.55377,105.59,0.53805
Filament,ABCP,2017,4,19,Spring,-1.9986,3,High,4.0484,-0.73001,-1.8151,-0.79987,-2.0081,Suwanosejima,9.0062,7.28,81.545,0.48181,109.71,0.5187
Filament,ABP,2018,4,28,Spring,-1.9696,3,High,5.119,-0.99078,-2.1861,-1.2215,-2.3102,Akusekijima,1.7817,3.2,84.308,0.55377,105.59,0.53805
Filament,ABC,2017,4,19,Spring,-1.909,3,High,6.3375,-0.65482,-2.0732,-0.76907,-1.9948,Nakanoshima,3.798,6.99,81.545,0.48181,109.71,0.5187
Filament,ABC,2017,4,19,Spring,-1.8071,3,High,2.5459,-0.70295,-1.8828,-0.78297,-1.9389,Gajajima,10.953,2.38,81.545,0.48181,109.71,0.5187
Filament,ABP,2018,4,20,Spring,-0.99278,3,High,3.7663,-0.11854,-1.063,-0.34492,-1.3257,Kuchinoshima,6.248,5.72,83.222,0.58511,93.914,0.52126
Filament,A,2019,5,24,Spring,-2.9615,1,Low,11.736,-1.3732,-2.6447,-1.4709,-2.8619,Takarajima,39.524,3.38,73.7,0.50715,84.671,0.38297
Filament,BCP,2019,5,23,Spring,-2.3746,2,Medium,4.5988,-1.1555,-2.2825,-1.289,-2.7512,Takarajima,49.352,3.38,73.02,0.49658,88.24,0.37082
Filament,AC,2019,5,23,Spring,-2.2877,2,Medium,2.3356,-1.1362,-2.2598,-1.2017,-2.402,Suwanosejima,10.944,7.28,73.02,0.49658,88.24,0.37082
Filament,AC,2019,5,23,Spring,-2.1657,2,Medium,5.4887,-1.0623,-2.1372,-1.2088,-2.3683,Suwanosejima,65.524,7.28,73.02,0.49658,88.24,0.37082
Filament,AC,2019,5,21,Spring,-2.1041,3,High,1.877,-1.0676,-2.1166,-1.1499,-2.3037,Gajajima,2.4484,2.38,72.567,0.47908,92.744,0.35166
Filament,AB,2016,5,31,Spring,-1.929,3,High,2.6029,-1.037,-2.0604,-1.2335,-2.3162,Suwanosejima,10.516,7.28,75.572,0.44687,89.778,0.3916
Filament,ABP,2019,5,21,Spring,-1.847,3,High,1.9652,-0.96382,-1.9846,-1.0723,-2.1981,Kuchinoshima,4.9135,5.72,72.567,0.47908,92.744,0.35166
Filament,AB,2019,5,21,Spring,-1.7261,3,High,2.3222,-0.92178,-1.8974,-1.1625,-2.3126,Suwanosejima,11.384,7.28,72.567,0.47908,92.744,0.35166
Filament,AB,2019,5,21,Spring,-1.6478,3,High,1.1238,-0.99099,-2.0173,-1.1419,-2.194,Akusekijima,4.6973,3.2,72.567,0.47908,92.744,0.35166
Filament,BC,2019,5,21,Spring,-1.5688,3,High,2.5731,-0.87274,-1.8124,-1.0728,-2.1663,Nakanoshima,6.6987,6.99,72.567,0.47908,92.744,0.35166
Filament,ABP,2019,5,24,Spring,-2.7459,1,Low,8.2734,-1.3531,-2.6428,-1.4251,-2.7253,Suwanosejima,8.7029,7.28,73.7,0.50715,84.671,0.38297
Filament,AB,2019,6,20,Spring,-2.4794,2,Medium,5.0271,-1.3358,-2.7248,-1.4636,-2.8384,Kuchinoshima,81.112,5.72,85.596,0.4289,106.82,0.51772
Filament,BC,2016,6,27,Summer,-2.3015,2,Medium,3.0175,-1.4675,-2.6933,-1.5904,-2.7927,Kuchinoshima,4.9469,5.72,76.157,0.381,87.851,0.3073
Filament,ACP,2019,7,26,Summer,-2.7111,1,Low,7.9655,-1.3525,-2.5838,-1.4663,-2.6196,Suwanosejima,7.5333,7.28,77.877,0.41849,97.461,0.36467
Filament,C,2016,7,5,Summer,-2.6885,1,Low,2.9244,-1.3621,-2.8513,-1.4262,-2.929,Kuchinoshima,24.436,5.72,77.603,0.43431,93.725,0.37234
Filament,BCP,2016,7,5,Summer,-2.6654,1,Low,3.8296,-1.3528,-2.8182,-1.4243,-2.846,Kuchinoshima,19.018,5.72,77.603,0.43431,93.725,0.37234
Filament,BCP,2017,7,29,Summer,-2.5474,1,Low,4.4888,-1.3431,-2.4938,-1.4888,-2.6945,Suwanosejima,2.1075,7.28,77.035,0.38924,93.509,0.27139
Filament,ACP,2019,7,26,Summer,-2.3981,2,Medium,3.3806,-1.2392,-2.4202,-1.3529,-2.5846,Nakanoshima,2.1239,6.99,77.877,0.41849,97.461,0.36467
Filament,AB,2018,7,26,Summer,-2.3122,2,Medium,1.5762,-1.312,-2.4375,-1.4193,-2.5641,Suwanosejima,8.2685,7.28,67.761,0.35213,65.595,0.30745
Filament,ABC,2018,7,26,Summer,-2.3098,2,Medium,3.3645,-1.2859,-2.5491,-1.4325,-2.5607,Nakanoshima,10.16,6.99,67.761,0.35213,65.595,0.30745
Filament,BCP,2017,7,29,Summer,-2.3058,2,Medium,2.7026,-1.3066,-2.502,-1.4289,-2.6161,Akusekijima,2.8147,3.2,77.035,0.38924,93.509,0.27139
Filament,ABCP,2019,7,26,Summer,-2.2716,2,Medium,7.5389,-1.1378,-2.353,-1.3636,-2.7432,Kuchinoshima,3.2499,5.72,77.877,0.41849,97.461,0.36467
Filament,AC,2016,7,4,Summer,-2.2114,2,Medium,2.3041,-1.2286,-2.149,-1.4125,-2.7728,Suwanosejima,1.637,7.28,77.582,0.43248,94.476,0.36825
Filament,ACP,2016,7,4,Summer,-2.0021,3,High,4.3068,-1.0404,-1.9664,-1.308,-2.2691,Nakanoshima,2.3825,6.99,77.582,0.43248,94.476,0.36825
Filament,AC,2019,8,16,Summer,-2.8361,1,Low,6.6184,-1.3409,-2.5347,-1.4351,-2.8152,Suwanosejima,27.763,7.28,72.192,0.47232,70.143,0.458
Filament,ABC,2016,8,12,Summer,-2.5385,1,Low,4.8556,-1.3048,-2.5758,-1.4242,-2.7242,Suwanosejima,8.6892,7.28,66.441,0.41125,87.769,0.32948
Filament,ABC,2016,8,12,Summer,-2.508,1,Low,2.3251,-1.3448,-2.6488,-1.4474,-2.8527,Tairajima,1.8528,2.33,66.441,0.41125,87.769,0.32948
Filament,ABC,2019,8,16,Summer,-2.4991,1,Low,3.0116,-1.3517,-2.5557,-1.4295,-2.7029,Tairajima,4.057,2.33,72.192,0.47232,70.143,0.458
Filament,ABC,2019,8,16,Summer,-2.4445,2,Medium,4.0821,-1.3115,-2.3746,-1.4115,-2.6304,Nakanoshima,17.685,6.99,72.192,0.47232,70.143,0.458
Filament,AC,2016,8,19,Summer,-2.2852,2,Medium,6.4801,-1.3292,-2.4693,-1.5454,-2.4238,Tairajima,2.0536,2.33,73.778,0.42561,82.487,0.32907
Filament,BC,2016,8,19,Summer,-2.2601,2,Medium,4.6032,-1.3164,-2.3496,-1.5569,-2.4864,Akusekijima,2.1028,3.2,73.778,0.42561,82.487,0.32907
Filament,ABC,2017,8,2,Summer,-2.2398,2,Medium,2.0697,-1.2295,-2.3571,-1.3521,-2.8,Kuchinoshima,3.2263,5.72,81.852,0.392,92.838,0.32265
Filament,ABC,2016,8,23,Summer,-2.1612,2,Medium,3.8907,-1.1232,-2.3087,-1.2718,-2.3553,Gajajima,10.175,2.38,75.335,0.43417,78.347,0.35152
Filament,AB,2019,8,16,Summer,-2.1322,3,High,2.3875,-1.2183,-2.3361,-1.3686,-2.8283,Gajajima,2.5862,2.38,72.192,0.47232,70.143,0.458
Filament,ABP,2016,8,19,Summer,-1.9483,3,High,6.9052,-1.1848,-2.3549,-1.5755,-2.6673,Nakanoshima,6.5739,6.99,73.778,0.42561,82.487,0.32907
Filament,B,2016,8,19,Summer,-1.7623,3,High,3.4165,-1.1476,-2.159,-1.4431,-2.462,Gajajima,2.0729,2.38,73.778,0.42561,82.487,0.32907
Filament,ACP,2019,10,7,Autumn,-2.5559,1,Low,3.7708,-1.4719,-2.3242,-1.6007,-2.344,Akusekijima,17.841,3.2,76.58,0.32734,86.05,0.32617
Filament,BC,2017,10,6,Autumn,-2.5203,1,Low,4.2789,-1.3297,-2.5734,-1.4056,-2.6572,Suwanosejima,4.9923,7.28,76.058,0.39298,105.03,0.31083
Filament,ABC,2017,10,6,Autumn,-2.4909,1,Low,2.5529,-1.3631,-2.7093,-1.4633,-2.7649,Suwanosejima,9.7598,7.28,76.058,0.39298,105.03,0.31083
Filament,BCP,2016,10,1,Autumn,-2.4762,2,Medium,7.0055,-1.3845,-2.7311,-1.5698,-2.5925,Suwanosejima,7.7331,7.28,72.168,0.39305,95.076,0.27516
Filament,BC,2018,10,23,Autumn,-2.2908,2,Medium,6.9356,-1.0373,-2.009,-1.1807,-2.5176,Suwanosejima,19.382,7.28,63.136,0.31492,84.688,0.25901
Filament,ABP,2019,11,16,Autumn,-2.7595,1,Low,7.3552,-1.2391,-2.36,-1.3001,-2.6556,Suwanosejima,19.939,7.28,76.089,0.32901,92.876,0.30793
Filament,AP,2019,11,16,Autumn,-2.7307,1,Low,4.4356,-1.3456,-2.519,-1.4122,-2.6802,Takarajima,3.9092,3.38,76.089,0.32901,92.876,0.30793
Filament,ACP,2019,11,1,Autumn,-2.5713,1,Low,4.0815,-1.1774,-2.3918,-1.2356,-2.4851,Akusekijima,41.743,3.2,71.52,0.34719,60.745,0.27825
Filament,ACP,2019,11,11,Autumn,-2.4259,2,Medium,4.2768,-1.2057,-2.1838,-1.2947,-2.3123,Suwanosejima,6.4586,7.28,72.571,0.31293,82.148,0.32237